Title,Author,Additional Authors,Reference
The Woman in the Window,A.J. Finn,,
The Silent Wife,A.S.A. Harrison,,
"I Might Regret This: Essays, Drawings, Vulnerabilities, and Other Stuff",Abbi Jacobson,,
Like a Love Story,Abdi Nazemian,,
This is Going to Hurt: Secret Diaries of a Junior Doctor,Adam Kay,,
The Blinds,Adam Sternbergh,,
And Then There Were None,Agatha Christie,,
Self-Inflicted Wounds: Heartwarming Tales of Epic Humiliation,Aisha Tyler,,
Nevertheless,Alec Baldwin,,
There are No Children Here: The Story of Two Boys Growing Up in the Other America,Alex Kotlowitz,,
The Silent Patient,Alex Michaelides,,
The Answer Is‚Ä¶: Reflections on My Life,Alex Trebek,,
The Count of Monte Cristo,Alexandre Dumas,Robin Buss,
"Dear Girls: Intimate Tales, Untold Secrets, & Advice for Living Your Best Life",Ali Wong,Justin Hakuta,
The Lovely Bones,Alice Sebold,,
The Color Purple,Alice Walker,,
Waiting to Be Heard: A Memoir,Amanda Knox,,
Yes Please,Amy Poehler,,
The Girl with the Lower Back Tattoo,Amy Schumer,,
The Joy Luck Club,Amy Tan,,
Eyes Wide Open,Andrew Gross,,
"Blood of Elves (The Witcher, #1)",Andrzej Sapkowski,Danusia Stok,
"The Hate U Give (The Hate U Give, #1)",Angie Thomas,,
"The Sisterhood of the Traveling Pants (The Sisterhood of the Traveling Pants, #1)",Ann Brashares,,
Dear Edward,Ann Napolitano,,
The Dutch House,Ann Patchett,,
Unqualified,Anna Faris,Chris Pratt,
Scrappy Little Nobody,Anna Kendrick,,
When All Is Said,Anne  Griffin,,
Almost Everything: Notes on Hope,Anne Lamott,,
A Clockwork Orange,Anthony Burgess,,
The Shell Collector,Anthony Doerr,,
All the Light We Cannot See,Anthony Doerr,,
Scar Tissue,Anthony Kiedis,Larry Sloman,
The Rules Do Not Apply,Ariel Levy,,
Memoirs of a Geisha,Arthur Golden,,
"Elon Musk: Tesla, SpaceX, and the Quest for a Fantastic Future",Ashlee Vance,,
Modern Romance,Aziz Ansari,Eric Klinenberg,
The Therapist,B.A. Paris,,
The Dilemma,B.A. Paris,,
Behind Closed Doors,B.A. Paris,,
Bring Me Back,B.A. Paris,,
The Breakdown,B.A. Paris,,
A Dream About Lightning Bugs: A Life of Music and Cheap Lessons,Ben Folds,,
Billy Lynn's Long Halftime Walk,Ben Fountain,,
"The Last Policeman (The Last Policeman, #1)",Ben H. Winters,,
The Death and Life of Charlie St. Cloud,Ben Sherwood,,
The Love Story of Missy Carmichael,Beth Morrey,,
Recursion,Blake Crouch,,
American Psycho,Bret Easton Ellis,,
"Stalked (Jonathan Stride, #3)",Brian Freeman,,
"Stripped (Jonathan Stride, #2)",Brian Freeman,,
"Immoral (Jonathan Stride, #1)",Brian Freeman,,
The Vanishing Half,Brit Bennett,,
"Public Enemies: America's Greatest Crime Wave and the Birth of the FBI, 1933-34",Bryan Burrough,,
The Reckless Oath We Made,Bryn Greenwood,,
All the Ugly and Wonderful Things,Bryn Greenwood,,
This Will Only Hurt a Little,Busy Philipps,,
Moranifesto,Caitlin Moran,,
How to Be a Woman,Caitlin Moran,,
"You Love Me (You, #3)",Caroline Kepnes,,
"Hidden Bodies (You, #2)",Caroline Kepnes,,
"You (You, #1)",Caroline Kepnes,,
Wishful Drinking,Carrie Fisher,,
"Red, White & Royal Blue",Casey McQuiston,,
Lies She Told,Cate Holahan,,
The Widower's Wife,Cate Holahan,,
You Can't Catch Me,Catherine McKenzie,,
Something in the Water,Catherine Steadman,,
Little Fires Everywhere,Celeste Ng,,
Know My Name,Chanel Miller,,
"Dead Until Dark (Sookie Stackhouse, #1)",Charlaine Harris,,
Smarter Faster Better: The Secrets of Being Productive in Life and Business,Charles Duhigg,,
The Power of Habit: Why We Do What We Do in Life and Business,Charles Duhigg,,
"The Good Nurse: A True Story of Medicine, Madness, and Murder",Charles Graeber,,
Brave Enough,Cheryl Strayed,,
Tiny Beautiful Things: Advice on Love and Life from Dear Sugar,Cheryl Strayed,,
Wild: From Lost to Found on the Pacific Crest Trail,Cheryl Strayed,,
Torch,Cheryl Strayed,,
Still Missing,Chevy Stevens,,
"The Wishing Spell (The Land of Stories, #1)",Chris Colfer,Brandon Dorman,
How To Win Jobs & Influence Germans: The Expats' Guide to a Career in Germany,Chris Pyak,,
This Is Me,Chrissy Metz,,
Dataclysm: Who We Are (When We Think No One's Looking),Christian Rudder,,
Orphan Train,Christina Baker Kline,,
Running with Sherman,Christopher McDougall,,
Fight Club,Chuck Palahniuk,,
The Donor,Clare Mackintosh,,
I Let You Go,Clare Mackintosh,,
After the End,Clare Mackintosh,,
The Authenticity Project,Clare Pooley,,
"Serpent (NUMA Files, #1)",Clive Cussler,Paul Kemprecos,
The Nickel Boys,Colson Whitehead,,
Passage,Connie Willis,,
The Road,Cormac McCarthy,,
"Origin (Robert Langdon, #5)",Dan Brown,,
"The Lost Symbol (Robert Langdon, #3)",Dan Brown,,
"Inferno (Robert Langdon, #4)",Dan Brown,,
"The Da Vinci Code (Robert Langdon, #2)",Dan Brown,,
"Angels & Demons (Robert Langdon, #1)",Dan Brown,,
The Many Minds of Billy Milligan,Daniel Keyes,,The Minds of Billy Milligan
The Minds of Billy Milligan,Daniel Keyes,,The Minds of Billy Milligan
Flowers for Algernon,Daniel Keyes,,
Rebecca,Daphne du Maurier,,
A Simple Favor,Darcey Bell,,
Somebody's Daughter,David      Bell,,
"The Girl Who Lived Twice (Millennium, #6)",David Lagercrantz,George Goulding,
"The Girl Who Takes an Eye for an Eye (Millennium, #5)",David Lagercrantz,,
The 100 Simple Secrets of Happy People: What Scientists Have Learned and How You Can Use It,David Niven,,
Theft by Finding: Diaries 1977-2002,David Sedaris,,
Me Talk Pretty One Day,David Sedaris,,
The Omen,David Seltzer,,
Watchers,Dean Koontz,,
Midnight,Dean Koontz,,
Strangers,Dean Koontz,,
Sybil Exposed: The Extraordinary Story Behind the Famous Multiple Personality Case,Debbie Nathan,,
Where the Crawdads Sing,Delia Owens,,
"Gone, Baby, Gone: A Novel",Dennis Lehane,,
Shutter Island,Dennis Lehane,,
The Drop,Dennis Lehane,,
Since We Fell,Dennis Lehane,,
Mystic River,Dennis Lehane,,
The Given Day (Coughlin #1),Dennis Lehane,,
"A Drink Before the War (Kenzie & Gennaro, #1)",Dennis Lehane,,
"Networking for People Who Hate Networking: A Field Guide for Introverts, the Overwhelmed, and the Underconnected",Devora Zack,,
In the Country We Love: My Family Divided,Diane Guerrero,Michelle Burford,
The Windfall,Diksha Basu,Soneela Nankani,
The Goldfinch,Donna Tartt,,
"The Butterfly Garden  (The Collector, #1)",Dot Hutchison,,
"The Hitchhiker's Guide to the Galaxy (Hitchhiker's Guide to the Galaxy, #1)",Douglas Adams,,
Wildflower,Drew Barrymore,,
Big Magic: Creative Living Beyond Fear,Elizabeth Gilbert,,
"Eat, Pray, Love",Elizabeth Gilbert,,
Into the Darkest Corner,Elizabeth Haynes,,
"Olive, Again",Elizabeth Strout,,
"Olive Kitteridge (Olive Kitteridge, #1)",Elizabeth Strout,,
Prozac Nation,Elizabeth Wurtzel,,
Seriously... I'm Kidding,Ellen DeGeneres,,
The Long Path Home,Ellen Lindseth,,
My Squirrel Days,Ellie Kemper,,
The Pull of the Stars,Emma Donoghue,,
The Wonder,Emma Donoghue,,
Room,Emma Donoghue,,
"Artemis Fowl (Artemis Fowl, #1)",Eoin Colfer,,
Dead Wake: The Last Crossing of the Lusitania,Erik Larson,,
Thunderstruck,Erik Larson,,
The Devil in the White City,Erik Larson,Tony Goldwyn,
He Said/She Said,Erin Kelly,,
The Starless Sea,Erin Morgenstern,,
The Night Circus,Erin Morgenstern,Matthias Brandt,
"Ready Player One (Ready Player One, #1)",Ernest Cline,,
The Sun Also Rises,Ernest Hemingway,,
The Great Gatsby,F. Scott Fitzgerald,Wesley Morris,
You're Never Weird on the Internet (Almost),Felicia Day,Joss Whedon,
"The Widow (Kate Waters, #1)",Fiona Barton,,
"The Child (Kate Waters, #2)",Fiona Barton,,
If I Had Your Face,Frances Cha,,
Under the Tuscan Sun,Frances Mayes,,
The Day of the Jackal,Frederick Forsyth,,
Anxious People,Fredrik Backman,Neil Smith,
"Beartown (Beartown, #1)",Fredrik Backman,Neil Smith,
A Man Called Ove,Fredrik Backman,Henning Koch,
Eleanor Oliphant Is Completely Fine,Gail Honeyman,,
The Grownup,Gillian Flynn,,
Sharp Objects,Gillian Flynn,,
Dark Places,Gillian Flynn,,
Gone Girl,Gillian Flynn,,
Getting There: A Book of Mentors,Gillian Zoe Segal,,
The Nanny,Gilly Macmillan,,
I Know You Know,Gilly Macmillan,,
The Perfect Girl,Gilly Macmillan,,
What She Knew (Jim Clemo #1),Gilly Macmillan,,
Untamed,Glennon Doyle,Glennon Doyle Melton,
Love Warrior,Glennon Doyle Melton,Glennon Doyle,
Grace's Guide: The Art of Pretending to Be a Grown-up,Grace Helbig,,
"The Rosie Project (Don Tillman, #1)",Graeme Simsion,,
You Are Not Alone,Greer Hendricks,Sarah Pekkanen,
The Wife Between Us,Greer Hendricks,Sarah Pekkanen,
He's Just Not That Into You: The No-Excuses Truth to Understanding Guys,Greg Behrendt,Liz Tuccillo,
"The Happiness Project: Or Why I Spent a Year Trying to Sing in the Morning, Clean My Closets, Fight Right, Read Aristotle, and Generally Have More Fun",Gretchen Rubin,,
The Woods: A Suspense Thriller,Harlan Coben,,
Tell No One,Harlan Coben,,
Six Years,Harlan Coben,,
To Kill a Mockingbird,Harper Lee,,
Norwegian Wood,Haruki Murakami,Jay Rubin,
"The Tattooist of Auschwitz, #2",Heather   Morris,Cilka's Journey ,
"Cilka's Journey (The Tattooist of Auschwitz, #2)",Heather   Morris,Cilka's Journey ,
"The Tattooist of Auschwitz (The Tattooist of Auschwitz, #1)",Heather   Morris,,
The Need,Helen          Phillips,,
The Turn of the Screw,Henry James,,
I'm Thinking of Ending Things,Iain Reid,,
Nutshell,Ian McEwan,,
"Rosemary's Baby (Rosemary's Baby, #1)",Ira Levin,,
The Warmth of Other Suns: The Epic Story of America's Great Migration,Isabel Wilkerson,,
"Miami Requiem (Deborah Jones Crime Thriller, #1)",J.B. Turner,,
The Catcher in the Rye,J.D. Salinger,,
Nine Stories,J.D. Salinger,,
Franny and Zooey,J.D. Salinger,,
"Harry Potter and the Prisoner of Azkaban (Harry Potter, #3)",J.K. Rowling,Mary GrandPr√©,
"Harry Potter and the Sorcerer's Stone (Harry Potter, #1)",J.K. Rowling,Mary GrandPr√©,
"Harry Potter and the Chamber of Secrets (Harry Potter, #2)",J.K. Rowling,Mary GrandPr√©,
"Harry Potter and the Deathly Hallows (Harry Potter, #7)",J.K. Rowling,,
Very Good Lives: The Fringe Benefits of Failure and the Importance of Imagination,J.K. Rowling,Joel Holland,
The Casual Vacancy,J.K. Rowling,,
"Harry Potter and the Half-Blood Prince (Harry Potter, #6)",J.K. Rowling,,
"Harry Potter and the Order of the Phoenix (Harry Potter, #5)",J.K. Rowling,Mary GrandPr√©,
"Harry Potter and the Goblet of Fire (Harry Potter, #4)",J.K. Rowling,Mary GrandPr√©,
"The Fellowship of the Ring (The Lord of the Rings, #1)",J.R.R. Tolkien,Francis Ledoux,
The Call of the Wild/White Fang,Jack London,,
"The Kill Order (The Maze Runner, #4)",James Dashner,,
"The Death Cure (The Maze Runner, #3)",James Dashner,,
"The Scorch Trials (The Maze Runner, #2)",James Dashner,,
"The Maze Runner (The Maze Runner, #1)",James Dashner,,
The Murder House,James Patterson,David Ellis,
"4th of July (Women's Murder Club, #4)",James Patterson,Maxine Paetro,
"3rd Degree (Women's Murder Club, #3)",James Patterson,Andrew Gross,
"2nd Chance (Women's Murder Club, #2)",James Patterson,Andrew Gross,
"1st to Die (Women's Murder Club, #1)",James Patterson,,
"Double Cross (Alex Cross, #13)",James Patterson,,
"Cross (Alex Cross, #12)",James Patterson,,
"Mary, Mary (Alex Cross, #11)",James Patterson,,
"London Bridges (Alex Cross, #10)",James Patterson,,
"The Big Bad Wolf  (Alex Cross, #9)",James Patterson,,
"Four Blind Mice (Alex Cross, #8)",James Patterson,,
"Violets Are Blue (Alex Cross, #7)",James Patterson,,
"Roses Are Red (Alex Cross, #6)",James Patterson,,
"Pop Goes the Weasel (Alex Cross, #5)",James Patterson,,
"Cat & Mouse (Alex Cross, #4)",James Patterson,,
"Jack & Jill (Alex Cross, #3)",James Patterson,,
"Kiss the Girls (Alex Cross, #2)",James Patterson,,
"Along Came a Spider (Alex Cross, #1)",James Patterson,,
"Cross Country (Alex Cross, #14)",James Patterson,,
Girls in the Moon,Janet McNally,,
Thirteen Reasons Why,Jay Asher,,
American Dirt,Jeanine Cummins,,
The Glass Castle,Jeannette Walls,,
"Darkly Dreaming Dexter (Dexter, #1)",Jeff Lindsay,,
The Slight Edge,Jeff Olson,,
When Elephants Weep: The Emotional Lives of Animals,Jeffrey Moussaieff Masson,Susan McCarthy,
The Actor's Life: A Survival Guide,Jenna Fischer,,
Girls in White Dresses,Jennifer Close,,
Manhattan Beach,Jennifer Egan,,
All the Bright Places,Jennifer Niven,,
Let's Pretend This Never Happened: A Mostly True Memoir,Jenny  Lawson,,
Furiously Happy: A Funny Book About Horrible Things,Jenny  Lawson,,
"Always and Forever, Lara Jean (To All the Boys I've Loved Before, #3)",Jenny Han,,
"To All the Boys I've Loved Before (To All the Boys I've Loved Before, #1)",Jenny Han,,
P.S. I Still Love You (To All the Boys I've Loved Before #2),Jenny Han,,
I Like You Just the Way I Am: Stories About Me and Some Other People,Jenny Mollen,,
Live Fast Die Hot,Jenny Mollen,,
You'll Grow Out of It,Jessi Klein,,
Luckiest Girl Alive,Jessica Knoll,,
"Sorry I'm Late, I Didn't Want to Come: An Introvert's Year of Living Dangerously",Jessica Pan,,
Open Book,Jessica Simpson,Kevin Carr O'Leary,
The Namesake,Jhumpa Lahiri,,
Small Great Things,Jodi Picoult,,
House Rules,Jodi Picoult,,
The Tenth Circle,Jodi Picoult,,
Handle with Care,Jodi Picoult,,
The Storyteller,Jodi Picoult,,
Plain Truth,Jodi Picoult,,
The Pact,Jodi Picoult,,
Nineteen Minutes,Jodi Picoult,,
"Locke & Key, Vol. 1: Welcome to Lovecraft",Joe Hill,Gabriel Rodr√≠guez,
"Locke & Key, Vol. 2: Head Games",Joe Hill,Gabriel Rodr√≠guez,
The Heart's Invisible Furies,John Boyne,,
Mindhunter: Inside the FBI's Elite Serial Crime Unit,John E. Douglas,Mark Olshaker,
The Collector,John Fowles,,
Turtles All the Way Down,John Green,,
The Fault in Our Stars,John Green,,
"A Time to Kill (Jake Brigance, #1)",John Grisham,,
The Racketeer,John Grisham,,
"Beneath the Surface: Killer Whales, SeaWorld, and the Truth Beyond Blackfish",John Hargrove,Howard Chua-Eoan,
A Prayer for Owen Meany,John Irving,,
A Confederacy of Dunces,John Kennedy Toole,Walker Percy,
Smiley's People,John le Carr√©,,
The Honourable Schoolboy,John le Carr√©,,
"Tinker, Tailor, Soldier, Spy",John le Carr√©,,
The Hilarious World of Depression,John Moe,,
"Shadow Prey (Lucas Davenport, #2)",John Sandford,,
"Rules of Prey (Lucas Davenport, #1)",John Sandford,,
The Grapes of Wrath,John Steinbeck,,
East of Eden,John Steinbeck,,
"Harry Potter and the Cursed Child: Parts One and Two (Harry Potter, #8)",John Tiffany,"Jack Thorne, J.K. Rowling",
"Still Me (Me Before You, #3)",Jojo Moyes,,
"Me Before You (Me Before You, #1)",Jojo Moyes,,
Into Thin Air: A Personal Account of the Mount Everest Disaster,Jon Krakauer,,
It Takes Two: Our Story,Jonathan     Scott,Drew  Scott,
Alice Isn't Dead,Joseph Fink,,
"Catch-22 (Catch-22, #1)",Joseph Heller,,
The Choirboys,Joseph Wambaugh,,
The Onion Field,Joseph Wambaugh,,
"Malorie (Bird Box, #2)",Josh Malerman,J. Pekka M√§kel√§,
Bird Box,Josh Malerman,,
"Twenty Thousand Leagues Under the Sea (Extraordinary Voyages, #6)",Jules Verne,Anthony Bonner,
The Last Flight,Julie   Clark,,
Marlena,Julie Buntin,,
Stay Sexy & Don‚Äôt Get Murdered: The Definitive How-To Guide,Karen Kilgariff,Georgia Hardstark,
"The Good Daughter (The Good Daughter, #1)",Karin Slaughter,,
The Kept Woman (Will Trent #8),Karin Slaughter,,
"Blindsighted (Grant County, #1)",Karin Slaughter,,
Pretty Girls,Karin Slaughter,,
"Triptych (Will Trent, #1)",Karin Slaughter,,
"The Good Daughter (Good Daughter, #1)",Karin Slaughter,,
Behind the Scenes at the Museum,Kate Atkinson,,
"Life After Life (Todd Family, #1)",Kate Atkinson,,
The Alice Network,Kate Quinn,,
The One and Only Ivan,Katherine Applegate,Patricia Castelao,
The Help,Kathryn Stockett,,
Official Book Club Selection: A Memoir According to Kathy Griffin,Kathy Griffin,,
The Best Advice I Ever Got: Lessons from Extraordinary Lives,Katie Couric,,
Sleeping with Fear (Bishop/Special Crimes Unit #9; Fear #3),Kay Hooper,,
The Buried Giant,Kazuo Ishiguro,,
Never Let Me Go,Kazuo Ishiguro,,
Life,Keith Richards,James Fox,
One Flew Over the Cuckoo's Nest,Ken Kesey,,
"Anna Dressed in Blood (Anna, #1)",Kendare Blake,,
I Can't Make This Up: Life Lessons,Kevin  Hart,Neil Strauss,
Sex and Vanity,Kevin Kwan,,
"Rich People Problems (Crazy Rich Asians, #3)",Kevin Kwan,,
"China Rich Girlfriend (Crazy Rich Asians, #2)",Kevin Kwan,,
"Crazy Rich Asians (Crazy Rich Asians, #1)",Kevin Kwan,,
The Kite Runner,Khaled Hosseini,Berliani M. Nugrahani,
A Thousand Splendid Suns,Khaled Hosseini,,
Such a Fun Age,Kiley Reid,,
Reconstructing Amelia,Kimberly McCreight,,
"A Little Bit Wicked: Life, Love, and Faith in Stages",Kristin Chenoweth,Joni Rodgers,
The Four Winds,Kristin Hannah,,
Winter Garden,Kristin Hannah,,
"Fly Away (Firefly Lane, #2)",Kristin Hannah,,
Firefly Lane #2,Kristin Hannah,,
Firefly Lane #1,Kristin Hannah,,
"Firefly Lane (Firefly Lane, #1)",Kristin Hannah,,
The Things We Do for Love,Kristin Hannah,,
The Great Alone,Kristin Hannah,,
The Nightingale,Kristin Hannah,,
Sold on a Monday,Kristina McMorris,,
Bonfire,Krysten Ritter,,
"Yes, My Accent Is Real: and Some Other Things I Haven't Told You",Kunal Nayyar,,
Slaughterhouse-Five,Kurt Vonnegut Jr.,,
"Anne of Green Gables (Anne of Green Gables, #1)",L.M. Montgomery,,
Seabiscuit: An American Legend,Laura Hillenbrand,,
The Chaperone,Laura Moriarty,,
The Shining Girls,Lauren Beukes,,
"In Conclusion, Don't Worry About It",Lauren Graham,,
"Talking as Fast as I Can: From Gilmore Girls to Gilmore Girls, and Everything in Between",Lauren Graham,,
Introvert Power: Why Your Inner Life Is Your Hidden Strength,Laurie A. Helgoe,,
Troublemaker: Surviving Hollywood and Scientology,Leah Remini,Rebecca Paley,
"Killing Floor (Jack Reacher, #1)",Lee Child,,
"Not That Kind of Girl: A Young Woman Tells You What She's ""Learned""",Lena Dunham,Joana Avillez,
Nine Perfect Strangers,Liane Moriarty,,
Big Little Lies,Liane Moriarty,,
Evvie Drake Starts Over,Linda  Holmes,,
The Only Pirate at the Party,Lindsey Stirling,Brooke S. Passey,
Severance,Ling  Ma,,
We Need to Talk About Kevin,Lionel Shriver,,
Small Fry: A Memoir,Lisa Brennan-Jobs,,
Still Alice,Lisa Genova,,
The Family Upstairs,Lisa Jewell,,
Invisible Girl,Lisa Jewell,,
Then She Was Gone,Lisa Jewell,,
The House We Grew Up In,Lisa Jewell,,
The Third Wife,Lisa Jewell,,
Before I Met You,Lisa Jewell,,
"The Unwanteds (Unwanteds, #1)",Lisa McMann,,
Three Women,Lisa Taddeo,,
The Book of Lost Friends,Lisa Wingate,,
Before We Were Yours,Lisa Wingate,,
The Wife Stalker,Liv Constantine,,
The Last Mrs. Parrish,Liv Constantine,,
Code Girls: The Untold Story of the American Women Code Breakers of World War II,Liza Mundy,,
"The Giver (The Giver, #1)",Lois Lowry,,
"Maybe You Should Talk to Someone: A Therapist, Her Therapist, and Our Lives Revealed",Lori Gottlieb,,
Little Women,Louisa May Alcott,,
The True Story of Hansel and Gretel,Louise Murphy,,
The Guest List,Lucy Foley,,
The Hunting Party,Lucy Foley,,
West with Giraffes,Lynda Rutledge,,
"A Wrinkle in Time (Time Quintet, #1)",Madeleine L'Engle,,
The Secret Messenger,Mandy  Robotham,,
Where Am I Now?,Mara Wilson,,
"The Handmaid's Tale (The Handmaid's Tale, #1)",Margaret Atwood,,
Gone with the Wind,Margaret Mitchell,,
Oona Out of Order,Margarita Montimore,,
Best Friends Forever,Margot Hunt,,
For Better and Worse,Margot Hunt,,
Hidden Figures,Margot Lee Shetterly,,
"Where'd You Go, Bernadette",Maria Semple,,
This Is Where It Ends,Marieke Nijkamp,,
The Opposite of Loneliness: Essays and Stories,Marina Keegan,,
Night Film,Marisha Pessl,,
The Subtle Art of Not Giving a F*ck: A Counterintuitive Approach to Living a Good Life,Mark Manson,,
I Am the Messenger,Markus Zusak,Emmanuel Pailler,
The Book Thief,Markus Zusak,,
"Lilac Girls (Lilac Girls, #1)",Martha Hall Kelly,,
I Must Say: My Life as a Humble Comedy Legend,Martin  Short,,
The Weekenders,Mary Kay Andrews,,
The Good Girl,Mary Kubica,,
Too Much and Never Enough: How My Family Created the World's Most Dangerous Man,Mary L. Trump,,
The Midnight Library,Matt Haig,,
Reasons to Stay Alive,Matt Haig,,
The Silver Linings Playbook,Matthew Quick,,
American Predator: The Hunt for the Most Meticulous Serial Killer of the 21st Century,Maureen Callahan,,
Devolution: A Firsthand Account of the Rainier Sasquatch Massacre,Max Brooks,,
Devolution,Max Brooks,,
World War Z: An Oral History of the Zombie War,Max Brooks,,
Two Truths and a Lie,Meg Mitchell Moore,,
Dare Me,Megan Abbott,,
The Greatest Love Story Ever Told,Megan Mullally,Nick Offerman,
The Book of Essie,Meghan MacLean Weir,,
Saving Francesca,Melina Marchetta,,
"The Narrows (Harry Bosch, #10; Harry Bosch Universe, #13)",Michael Connelly,,
"A Darkness More Than Night (Harry Bosch, #7; Terry McCaleb, #2; Harry Bosch Universe, #9)",Michael Connelly,,
"Blood Work (Terry McCaleb, #1; Harry Bosch Universe, #8)",Michael Connelly,,
The Lost World (Jurassic Park #2),Michael Crichton,,
"Jurassic Park (Jurassic Park, #1)",Michael Crichton,,
The Stranger in the Woods: The Extraordinary Story of the Last True Hermit,Michael Finkel,Mark Bramhall,
I'll Be Gone in the Dark: One Woman's Obsessive Search for the Golden State Killer,Michelle McNamara,"Gillian Flynn, Patton Oswalt",
Pachinko,Min Jin Lee,,
Please Like Me [But Keep Away],Mindy Kaling,,
Why Not Me?,Mindy Kaling,,
Is Everyone Hanging Out Without Me? (And Other Concerns),Mindy Kaling,,
Exit West,Mohsin Hamid,,
The Power,Naomi Alderman,,
"Switched on Pop: How Popular Music Works, and Why It Matters",Nate Sloan,Charlie Harding,
The Graveyard Book,Neil Gaiman,Dave McKean,
Coraline,Neil Gaiman,Dave McKean,
Safe Haven,Nicholas Sparks,,
The Rescue,Nicholas Sparks,,
Paddle Your Own Canoe: One Man's Fundamentals for Delicious Living,Nick Offerman,,
"Everything, Everything",Nicola Yoon,David  Yoon,
It's Okay to Laugh (Crying Is Cool Too),Nora McInerny Purmort,Nora McInerny,
No Happy Endings,Nora McInerny Purmort,Nora McInerny,
Welcome Home: Island of Flowers and Her Mother's Keeper,Nora Roberts,,
Hideaway,Nora Roberts,,
"Vision in White (Bride Quartet, #1)",Nora Roberts,,
Shelter in Place,Nora Roberts,,
The Man Who Mistook His Wife for a Hat and Other Clinical Tales,Oliver Sacks,,
"My Sister, the Serial Killer",Oyinkan Braithwaite,,
Beach Music,Pat Conroy,,
"Cause of Death (Kay Scarpetta, #7)",Patricia Cornwell,C.J. Critt,
"The Knife of Never Letting Go (Chaos Walking, #1)",Patrick Ness,,
Just Kids,Patti Smith,,
Sea of Tranquillity,Paul Russell,,
A Head Full of Ghosts,Paul Tremblay,,
Into the Water,Paula Hawkins,,
The Girl on the Train,Paula Hawkins,,
The Alchemist,Paulo Coelho,Alan R. Clarke,
Jaws,Peter Benchley,,
The Curious Charms of Arthur Pepper,Phaedra Patrick,,
"The Subtle Knife (His Dark Materials, #2)",Philip Pullman,,
"The Golden Compass (His Dark Materials, #1)",Philip Pullman,,
"Red Rising (Red Rising Saga, #1)",Pierce Brown,,
Orange Is the New Black,Piper Kerman,,
The Elephant Tree,R.D. Ronald,,
"Wonder (Wonder, #1)",R.J. Palacio,,
MWF Seeking BFF: My Yearlong Search For A New Best Friend,Rachel Bertsche,,
Yoga Girl,Rachel Brathen,,
"Killman Creek (Stillhouse Lake, #2)",Rachel Caine,,
"Stillhouse Lake (Stillhouse Lake, #1)",Rachel Caine,,
The Wife Upstairs,Rachel Hawkins,,
"Girl, Stop Apologizing: A Shame-Free Plan for Embracing and Achieving Your Goals",Rachel Hollis,,
"Girl, Wash Your Face: Stop Believing the Lies about Who You Are So You Can Become Who You Were Meant to Be",Rachel Hollis,,
Eleanor & Park,Rainbow Rowell,,
"Miss Peregrine's Peculiar Children, #6",Ransom Riggs,,The Desolations of Devil's Acre 
"The Desolations of Devil's Acre (Miss Peregrine's Peculiar Children, #6)",Ransom Riggs,,The Desolations of Devil's Acre 
"The Conference of the Birds (Miss Peregrine's Peculiar Children, #5)",Ransom Riggs,,
"A Map of Days (Miss Peregrine's Peculiar Children, #4)",Ransom Riggs,,
"Tales of the Peculiar (Miss Peregrine's Peculiar Children, #0.5)",Ransom Riggs,Andrew   Davidson,
"Library of Souls (Miss Peregrine's Peculiar Children, #3)",Ransom Riggs,,
"Hollow City (Miss Peregrine's Peculiar Children, #2)",Ransom Riggs,,
"Miss Peregrine's Home for Peculiar Children (Miss Peregrine's Peculiar Children, #1)",Ransom Riggs,,
The Great Believers,Rebecca Makkai,,
The Immortal Life of Henrietta Lacks,Rebecca Skloot,,
Black Boy,Richard Wright,Jerry W. Ward Jr.,
Home Before Dark,Riley Sager,,
Survive the Night,Riley Sager,,
Lock Every Door,Riley Sager,,
The Last Time I Lied,Riley Sager,,
Final Girls,Riley Sager,,
Stories I Only Tell My Friends,Rob Lowe,,
Psycho (Psycho #1),Robert Bloch,,
"The Cuckoo's Calling (Cormoran Strike, #1)",Robert Galbraith,,
"The Silkworm (Cormoran Strike, #2)",Robert Galbraith,,
Boy's Life,Robert R. McCammon,,
Abduction,Robin Cook,,
Toxin,Robin Cook,,
Dear Child,Romy Hausmann,,
Ghosted,Rosie Walsh,,
Hunger: A Memoir of (My) Body,Roxane Gay,,
An Untamed State,Roxane Gay,,
Milk and Honey,Rupi Kaur,,
The Sun and Her Flowers,Rupi Kaur,,
Snowflakes,Ruth Ware,,
One by One,Ruth Ware,,
The Turn of the Key,Ruth Ware,,
The Death of Mrs. Westaway,Ruth Ware,,
The Lying Game,Ruth Ware,,
The Woman in Cabin 10,Ruth Ware,,
"In a Dark, Dark Wood",Ruth Ware,,
Blacktop Wasteland,S.A.  Cosby,,
Final Cut,S.J. Watson,,
Before I Go to Sleep,S.J. Watson,,
Second Life,S.J. Watson,,
The Chestnut Man,S√∏ren Sveistrup,Caroline Waight,
In Pieces,Sally Field,,
Normal People,Sally Rooney,,
We Are Never Meeting in Real Life.,Samantha Irby,,
The First Mistake,Sandie Jones,,
The Other Woman,Sandie Jones,,
Sounds Like Me: My Life (So Far) in Song,Sara Bareilles,,
Born to Fly,Sara Evans,Cindy Coloma,
Water for Elephants,Sara Gruen,,
"The Dark Lake (Gemma Woodstock, #1)",Sarah   Bailey,,
"Silent Child (Silent Child, #1)",Sarah A. Denzil,,
"Life As I Blow It: Tales Of Love, Life & Sex . . . Not Necessarily In That Order",Sarah Colonna,Chelsea Handler,
The Sisters Chase,Sarah Healy,,
The Life-Changing Magic of Not Giving a F*ck: How to Stop Spending Time You Don't Have with People You Don't Like Doing Things You Don't Want to Do,Sarah Knight,,
Behind Her Eyes,Sarah Pinborough,,
"The Bedwetter: Stories of Courage, Redemption, and Pee",Sarah Silverman,,
One Day We'll All Be Dead and None of This Will Matter,Scaachi Koul,,
The Burden of Proof (Kindle County Legal Thriller #2),Scott Turow,,
Presumed Innocent (Kindle County Legal Thriller #1),Scott Turow,Edward Herrmann,
The Storyteller's Secret,Sejal Badani,,
An Unwanted Guest,Shari Lapena,,
The Couple Next Door,Shari Lapena,,
"Lean In: Women, Work, and the Will to Lead",Sheryl Sandberg,Nell Scovell,
The Haunting of Hill House,Shirley Jackson,,
Year of Yes,Shonda Rhimes,,
Mexican Gothic,Silvia Moreno-Garcia,,
The Sun Down Motel,Simone St. James,,
#Girlboss,Sophia Amoruso,,
Who Moved My Cheese?,Spencer Johnson,Kenneth H. Blanchard,
Imaginary Friend,Stephen Chbosky,,
The Perks of Being a Wallflower,Stephen Chbosky,,
The Boy at the Keyhole,Stephen Giles,,
If It Bleeds,Stephen King,,
Doctor Sleep,Stephen King,,
The Shining,Stephen King,,
The Institute,Stephen King,,
The Stand,Stephen King,Bernie Wrightson,
Elevation,Stephen King,Mark Edward Geyer,
The Outsider,Stephen King,,
Pet Sematary,Stephen King,,
The Dead Zone,Stephen King,,
Carrie,Stephen King,Sissy Spacek,
Misery,Stephen King,,
Different Seasons,Stephen King,,
"The Gunslinger (The Dark Tower, #1)",Stephen King,,
The Green Mile,Stephen King,,
Cell,Stephen King,,
Sleeping Beauties,Stephen King,Owen King,
It,Stephen King,,
"End of Watch (Bill Hodges Trilogy, #3)",Stephen King,,
"Finders Keepers (Bill Hodges Trilogy, #2)",Stephen King,,
"Mr. Mercedes (Bill Hodges Trilogy, #1)",Stephen King,,
Fire Starter,Stephen King,,
11/22/63,Stephen King,,
"Fortune Favors the Dead (Pentecost and Parker, #1)",Stephen Spotswood,,
"Meg (Meg, #1)",Steve Alten,,
The Defense (Eddie Flynn #1),Steve Cavanagh,,
Thirteen (Eddie Flynn #4),Steve Cavanagh,,
Freakonomics: A Rogue Economist Explores the Hidden Side of Everything,Steven D. Levitt,Stephen J. Dubner,
Think Like a Freak,Steven D. Levitt,,
When to Rob a Bank,Steven D. Levitt,Stephen J. Dubner,
"SuperFreakonomics: Global Cooling, Patriotic Prostitutes And Why Suicide Bombers Should Buy Life Insurance",Steven D. Levitt,Stephen J. Dubner,
"The Girl Who Played with Fire (Millennium, #2)",Stieg Larsson,Reg Keeland,
"The Girl Who Kicked the Hornet's Nest (Millennium, #3)",Stieg Larsson,Reg Keeland,
"The Girl with the Dragon Tattoo (Millennium, #1)",Stieg Larsson,Reg Keeland,
The Devil and the Dark Water,Stuart Turton,,
The 7¬Ω Deaths of Evelyn Hardcastle,Stuart Turton,,
"A is for Alibi (Kinsey Millhone, #1)",Sue Grafton,,
The Secret Life of Bees,Sue Monk Kidd,,
Voices in the Ocean: A Journey into the Wild and Haunting World of Dolphins,Susan Casey,,
"The Wave: In Pursuit of the Rogues, Freaks, and Giants of the Ocean",Susan Casey,,
The Last Year of the War,Susan Meissner,,
"Girl, Interrupted",Susanna Kaysen,,
"The Ballad of Songbirds and Snakes (The Hunger Games, #0)",Suzanne Collins,,
"Mockingjay (The Hunger Games, #3)",Suzanne Collins,,
"Catching Fire (The Hunger Games, #2)",Suzanne Collins,,
"The Hunger Games (The Hunger Games, #1)",Suzanne Collins,,
The Bell Jar,Sylvia Plath,Frances McCullough,
A False Report: A True Story of Rape in America,T. Christian Miller,Ken Armstrong,
The Searcher,Tana French,,
Faithful Place (Dublin Murder Squad #3),Tana French,,
"Broken Harbor (Dublin Murder Squad, #4)",Tana French,,
The Likeness (Dublin Murder Squad #2),Tana French,,
The Witch Elm,Tana French,,
"In the Woods (Dublin Murder Squad, #1)",Tana French,,
Educated,Tara Westover,,
Daisy Jones & The Six,Taylor Jenkins Reid,,
The Seven Husbands of Evelyn Hugo,Taylor Jenkins Reid,,
I Am Watching You,Teresa Driscoll,Elizabeth Knowelden,
The Bone Garden,Tess Gerritsen,,
"Hannibal Rising (Hannibal Lecter, #4)",Thomas  Harris,,
"Red Dragon (Hannibal Lecter, #1)",Thomas  Harris,,
"The Silence of the Lambs  (Hannibal Lecter, #2)",Thomas  Harris,,
"Hannibal (Hannibal Lecter, #3)",Thomas  Harris,,
Black Sunday,Thomas  Harris,,
The Last Black Unicorn,Tiffany Haddish,,
Bossypants,Tina Fey,,
Creatures of Appetite,Todd Travis,,
"Can I Say: Living Large, Cheating Death, and Drums, Drums, Drums",Travis Barker,Gavin Edwards,
Born a Crime: Stories From a South African Childhood,Trevor Noah,,
When Rabbit Howls,Truddi Chase,Robert A. Phillips Jr.,
"Vicious (Villains, #1)",V.E. Schwab,,
"Chosen Ones (The Chosen Ones, #1)",Veronica Roth,,
The End and Other Beginnings: Stories from the Future,Veronica Roth,Ashley Mackenzie,
"Allegiant (Divergent, #3)",Veronica Roth,,
"Insurgent (Divergent, #2)",Veronica Roth,,
"Divergent (Divergent, #1)",Veronica Roth,,
Man's Search for Meaning,Viktor E. Frankl,Ilse Lasch,
I Know This Much Is True,Wally Lamb,,
She's Come Undone,Wally Lamb,,
The Queen's Gambit,Walter Tevis,,
I'm Fine...and Other Lies,Whitney Cummings,,
Lord of the Flies,William Golding,,
The Exorcist,William Peter Blatty,,
Sophie's Choice,William Styron,,
"Forrest Gump (Forrest Gump, #1)",Winston Groom,,
Life of Pi,Yann Martel,,
The Good Son,You-Jeong Jeong,Chi-Young Kim,
Baby Teeth,Zoje Stage,,